{
  "days": [
    0.0,
    1.0,
    2.0,
    3.0,
    4.0,
    5.0,
    6.0,
    7.0,
    8.0,
    9.0,
    10.0,
    11.0,
    12.0,
    13.0,
    14.0,
    15.0,
    16.0,
    17.0,
    18.0,
    19.0,
    20.0,
    21.0,
    22.0,
    23.0,
    24.0,
    25.0,
    26.0,
    27.0,
    28.0,
    29.0,
    30.0,
    31.0,
    32.0,
    33.0,
    34.0,
    35.0,
    36.0,
    37.0,
    38.0,
    39.0,
    40.0,
    41.0,
    42.0,
    43.0,
    44.0,
    45.0,
    46.0,
    47.0,
    48.0,
    49.0,
    50.0,
    51.0,
    52.0,
    53.0,
    54.0,
    55.0,
    56.0,
    57.0,
    58.0,
    59.0,
    60.0,
    61.0,
    62.0,
    63.0,
    64.0,
    65.0,
    66.0,
    67.0,
    68.0,
    69.0,
    70.0,
    71.0,
    72.0,
    73.0,
    74.0,
    75.0,
    76.0,
    77.0,
    78.0,
    79.0,
    80.0,
    81.0,
    82.0,
    83.0,
    84.0,
    85.0,
    86.0,
    87.0,
    88.0,
    89.0,
    90.0,
    91.0,
    92.0,
    93.0,
    94.0,
    95.0,
    96.0,
    97.0,
    98.0,
    99.0,
    100.0,
    101.0,
    102.0,
    103.0,
    104.0,
    105.0,
    106.0,
    107.0,
    108.0,
    109.0,
    110.0,
    111.0,
    112.0,
    113.0,
    114.0,
    115.0,
    116.0,
    117.0,
    118.0,
    119.0,
    120.0,
    121.0,
    122.0,
    123.0,
    124.0,
    125.0,
    126.0,
    127.0,
    128.0,
    129.0,
    130.0,
    131.0,
    132.0,
    133.0,
    134.0,
    135.0,
    136.0,
    137.0,
    138.0,
    139.0,
    140.0,
    141.0,
    142.0,
    143.0,
    144.0,
    145.0,
    146.0,
    147.0,
    148.0,
    149.0,
    150.0,
    151.0,
    152.0,
    153.0,
    154.0,
    155.0,
    156.0,
    157.0,
    158.0,
    159.0,
    160.0,
    161.0,
    162.0,
    163.0,
    164.0,
    165.0,
    166.0,
    167.0,
    168.0,
    169.0,
    170.0,
    171.0,
    172.0,
    173.0,
    174.0,
    175.0,
    176.0,
    177.0,
    178.0,
    179.0,
    180.0
  ],
  "tumor": [
    2117360690.1628444,
    2239797066.6842427,
    2367424676.4776506,
    2500356783.80643,
    2638704153.1835365,
    2782574836.1448245,
    2932073962.5182233,
    3087303536.789245,
    3248362240.1391516,
    3415345238.705861,
    3588343998.589473,
    3767446108.0943465,
    3952735107.6681776,
    4144290327.96568,
    3098899638.0408096,
    2330719128.558708,
    1762920754.767255,
    1340829880.4805293,
    1025303408.6736977,
    788153523.3083346,
    608965628.5006382,
    472872439.76481915,
    368987801.3361298,
    289298401.8587736,
    227875144.25244647,
    180308922.79058814,
    143304809.13056505,
    114388660.6421856,
    91693933.5176622,
    73806009.42963788,
    59647970.890508674,
    48396394.00509241,
    39418984.02286869,
    32228179.62122575,
    26446484.926322196,
    21780453.128228538,
    18001080.32858811,
    14928969.25337565,
    12423057.093298826,
    10372017.437649315,
    8687676.574963221,
    7299953.154326435,
    6152954.314891163,
    5201953.061189645,
    4411039.637636774,
    3751290.257422955,
    3199334.3528950056,
    2736229.8746793736,
    2346577.515650859,
    2017820.8643802616,
    1739691.7202388041,
    1503769.1043792912,
    1303127.6012199987,
    1132056.1028907734,
    985832.2072042591,
    860540.7401644986,
    1011089.586146318,
    1185531.3090585521,
    1387238.810993603,
    1619995.4990804745,
    1888035.9552554677,
    2196089.45991096,
    2549426.436363603,
    2953907.8696030853,
    3416037.737656215,
    3943018.477143369,
    4542809.4862495605,
    5224188.64843494,
    5996816.838844584,
    6871305.352641082,
    7859286.170492719,
    8973484.951342762,
    10227796.616519162,
    11637363.362395808,
    13218654.911381021,
    14989550.783197472,
    16969424.340455797,
    19179228.33465021,
    21641581.651166968,
    24380856.924951784,
    27423268.672391813,
    30796961.559995215,
    34532098.40685953,
    38660947.49596884,
    43217968.74930147,
    48239898.3038081,
    53765831.00976555,
    59837300.36003884,
    66498355.34859154,
    73795633.74934795,
    81778431.30238473,
    90498766.2935431,
    100011439.01600844,
    110374085.60827634,
    121647225.77225836,
    133894303.88809212,
    147181723.0584942,
    161578871.63518465,
    177158141.80294237,
    193994939.82311738,
    212167687.5677916,
    231757815.00808486,
    252849743.35515776,
    275530858.59005594,
    299891475.1584359,
    326024789.6481562,
    354026824.31144047,
    383996360.3385252,
    416034860.83610934,
    450246383.5112015,
    486737483.1088107,
    525617103.70002425,
    566996460.9650426,
    610988914.6633816,
    657709831.5303917,
    707276438.8851845,
    759807669.279693,
    815423996.561659,
    874247263.7655531,
    936400503.2845573,
    1002007749.8135331,
    1071193846.5871527,
    1144084245.4689035,
    1220804801.475298,
    1301481562.3452218,
    1386240553.7867749,
    1475207561.0531347,
    1568507907.5148122,
    1666266230.9081392,
    1768606257.9488857,
    1875650578.0055745,
    1987520416.5293455,
    2104335408.93617,
    2226213375.6329093,
    2353270098.8712006,
    2485619102.1025915,
    2623371432.49479,
    2766635447.2525544,
    2915516604.3677034,
    3070117258.4011946,
    3230536461.8763356,
    3396869772.8361626,
    3569209069.0900264,
    3747642369.644661,
    3932253663.783674,
    4123122748.226707,
    4320325072.76565,
    4523931594.740472,
    4734008642.681675,
    4950617789.410218,
    5173815734.849299,
    5403654198.765691,
    5640179823.621689,
    5883434087.682266,
    6133453228.485901,
    6390268176.751972,
    6653904500.762676,
    6924382361.223293,
    7201716476.571453,
    7485916098.673915,
    7776984998.818412,
    8074921463.878402,
    8379718302.500226,
    8691362861.135235,
    9009837049.714016,
    9335117376.735964,
    9667174993.525131,
    10005975747.382627,
    10351480243.346802,
    10703643914.255087,
    11062417098.78568,
    11427745127.143217,
    11799568414.040205,
    12177822558.615282,
    12562438450.920198,
    12953342384.59992,
    13350456175.384218,
    13753697285.004646,
    14162978950.147724,
    14578210316.053514,
    14999296574.368486
  ],